Hu,Not understood
Hi,Hello!
Hi,Hello!
How are you,Hello!
how are you,Hello!
how are you,I'm doing great! How can I help you today?
Hi,Hello!
how are you,I'm doing great! How can I help you today?
hi,Hello!
how are you,I'm doing great! How can I help you today?
hi,Hey there!
how are you,I'm doing great! How can I help you today?
hi,Hey there!
how are you,I'm doing great! How can I help you today?
pricing,"Basic Plan: $29/month
Pro Plan: $79/month"
i wnat to buy,Great! What's your name?
exit,Hmm... I didn’t get that. Can you try asking differently?
okay,Hmm... I didn’t get that. Can you try asking differently?
hi,Hey there!
pricing,Basic Plan: $29/month | Pro Plan: $79/month
i want to buy,Great! What's your name?
hi,Hey there!
how to grow instagram page,AI not working
how to grow instagram page,AI not working
hi,Hey there!
how to grow instagram page,AI not working
hi,Hey there!
pricing,Basic Plan: $29/month | Pro Plan: $79/month
how to grow instagram page,AI not working
how to grow instagram page,AI not working
how to grow instagram page,"Here’s how to grow your Instagram page:

1. Post consistently
2. Use reels daily
3. Follow trends
4. Engage with audience
5. Use hashtags properly"
how to grow instagram,"To grow Instagram:
1. Post daily
2. Use reels
3. Follow trends
4. Engage with audience"
hi,Hey there!
pricing,Basic Plan: $29/month | Pro Plan: $79/month
i want to buy,Great! What's your name?
